<?xml version='1.0' encoding='UTF-8'?>
<RAWFile ouId="HD51">
  <transactions>
    <msgId>Z14RWLNXKCMNGKZ2LCIX1OZRH1PJY3IX9E</msgId>
    <refId>Z14RWLNXKCMNGKZ2LCIX1OZRH1PJY3IX9E</refId>
    <origRefId>NA</origRefId>
    <mti>FORCE PAYMENT</mti>
    <txnReferenceId>SZYSHAUVSQJODFTTT4FF</txnReferenceId>
    <txnType>PAYMENT</txnType>
    <txnDate>2025-06-11</txnDate>
    <customerOUId>PP22</customerOUId>
    <billerOUId>JK33</billerOUId>
    <responseCode>000</responseCode>
    <txnCurrencyCode>356</txnCurrencyCode>
    <txnAmount>320186</txnAmount>
    <customerConvenienceFee>0.0000</customerConvenienceFee>
    <billerFee>-240.7792</billerFee>
    <billerOUSwitchingFee>-46.5533</billerOUSwitchingFee>
    <penaltyFee>0.0000</penaltyFee>
    <clearingTimestamp>2025-06-11T17:51:34+05:30</clearingTimestamp>
    <paymentChannel>MOB</paymentChannel>
    <paymentMode>UPI</paymentMode>
    <billerOUCountMonth>12</billerOUCountMonth>
    <billerId>HDFC00000NATTK</billerId>
    <billerCategory>Loan Repayment</billerCategory>
    <splitPay>false</splitPay>
    <reversal>false</reversal>
    <decline>false</decline>
    <casProcessed>true</casProcessed>
    <settlementCycleId>0052025061100</settlementCycleId>
    <customerConvenienceFeeCGST>0.0000</customerConvenienceFeeCGST>
    <customerConvenienceFeeIGST>0.0000</customerConvenienceFeeIGST>
    <customerConvenienceFeeSUTGST>0.0000</customerConvenienceFeeSUTGST>
    <billerFeeCGST>0.0000</billerFeeCGST>
    <billerFeeIGST>-60.3621</billerFeeIGST>
    <billerFeeSUTGST>0.0000</billerFeeSUTGST>
    <billerOUSwitchingFeeCGST>-3.4459</billerOUSwitchingFeeCGST>
    <billerOUSwitchingFeeIGST>0.0000</billerOUSwitchingFeeIGST>
    <billerOUSwitchingFeeSUTGST>-3.2634</billerOUSwitchingFeeSUTGST>
    <penaltyFeeCGST>0.0000</penaltyFeeCGST>
    <penaltyFeeIGST>0.0000</penaltyFeeIGST>
    <penaltyFeeSUTGST>0.0000</penaltyFeeSUTGST>
    <offUsPay>true</offUsPay>
    <remarks>NA</remarks>
    </transactions>
  <transactions>
    <msgId>X9F2622SQ2ZF05PS2K03BF3B2DTRAUG7GY</msgId>
    <refId>X9F2622SQ2ZF05PS2K03BF3B2DTRAUG7GY</refId>
    <origRefId>NA</origRefId>
    <mti>FORCE PAYMENT ARBITRATION</mti>
    <txnReferenceId>4B9GHNSK90CRT5R7MK3K</txnReferenceId>
    <txnType>PAYMENT</txnType>
    <txnDate>2025-06-11</txnDate>
    <customerOUId>PP11</customerOUId>
    <billerOUId>JK22</billerOUId>
    <responseCode>000</responseCode>
    <txnCurrencyCode>356</txnCurrencyCode>
    <txnAmount>946034</txnAmount>
    <customerConvenienceFee>0.0000</customerConvenienceFee>
    <billerFee>-363.9783</billerFee>
    <billerOUSwitchingFee>-29.2550</billerOUSwitchingFee>
    <penaltyFee>0.0000</penaltyFee>
    <clearingTimestamp>2025-06-11T17:51:34+05:30</clearingTimestamp>
    <paymentChannel>MOB</paymentChannel>
    <paymentMode>Internet Banking</paymentMode>
    <billerOUCountMonth>12</billerOUCountMonth>
    <billerId>HDFC00000NATTK</billerId>
    <billerCategory>Loan Repayment</billerCategory>
    <splitPay>false</splitPay>
    <reversal>false</reversal>
    <decline>false</decline>
    <casProcessed>true</casProcessed>
    <settlementCycleId>0052025061100</settlementCycleId>
    <customerConvenienceFeeCGST>0.0000</customerConvenienceFeeCGST>
    <customerConvenienceFeeIGST>0.0000</customerConvenienceFeeIGST>
    <customerConvenienceFeeSUTGST>0.0000</customerConvenienceFeeSUTGST>
    <billerFeeCGST>0.0000</billerFeeCGST>
    <billerFeeIGST>-80.4898</billerFeeIGST>
    <billerFeeSUTGST>0.0000</billerFeeSUTGST>
    <billerOUSwitchingFeeCGST>-3.7872</billerOUSwitchingFeeCGST>
    <billerOUSwitchingFeeIGST>0.0000</billerOUSwitchingFeeIGST>
    <billerOUSwitchingFeeSUTGST>-3.2678</billerOUSwitchingFeeSUTGST>
    <penaltyFeeCGST>0.0000</penaltyFeeCGST>
    <penaltyFeeIGST>0.0000</penaltyFeeIGST>
    <penaltyFeeSUTGST>0.0000</penaltyFeeSUTGST>
    <offUsPay>true</offUsPay>
    <remarks>NA</remarks>
    </transactions>
  <transactions>
    <msgId>OIVLVHQWPEJ7I6WQOPXR1IG55TGKZV1Z1U</msgId>
    <refId>OIVLVHQWPEJ7I6WQOPXR1IG55TGKZV1Z1U</refId>
    <origRefId>NA</origRefId>
    <mti>FORCE PAYMENT FULL GOOD FAITH</mti>
    <txnReferenceId>ZUZKYA5OQQ39OOR45KHU</txnReferenceId>
    <txnType>PAYMENT</txnType>
    <txnDate>2025-06-11</txnDate>
    <customerOUId>PP33</customerOUId>
    <billerOUId>JK22</billerOUId>
    <responseCode>000</responseCode>
    <txnCurrencyCode>356</txnCurrencyCode>
    <txnAmount>462070</txnAmount>
    <customerConvenienceFee>0.0000</customerConvenienceFee>
    <billerFee>-67.3328</billerFee>
    <billerOUSwitchingFee>-42.6741</billerOUSwitchingFee>
    <penaltyFee>0.0000</penaltyFee>
    <clearingTimestamp>2025-06-11T17:51:34+05:30</clearingTimestamp>
    <paymentChannel>CARD</paymentChannel>
    <paymentMode>Internet Banking</paymentMode>
    <billerOUCountMonth>12</billerOUCountMonth>
    <billerId>HDFC00000NATTK</billerId>
    <billerCategory>Loan Repayment</billerCategory>
    <splitPay>false</splitPay>
    <reversal>false</reversal>
    <decline>false</decline>
    <casProcessed>true</casProcessed>
    <settlementCycleId>0052025061100</settlementCycleId>
    <customerConvenienceFeeCGST>0.0000</customerConvenienceFeeCGST>
    <customerConvenienceFeeIGST>0.0000</customerConvenienceFeeIGST>
    <customerConvenienceFeeSUTGST>0.0000</customerConvenienceFeeSUTGST>
    <billerFeeCGST>0.0000</billerFeeCGST>
    <billerFeeIGST>-63.0448</billerFeeIGST>
    <billerFeeSUTGST>0.0000</billerFeeSUTGST>
    <billerOUSwitchingFeeCGST>-0.7771</billerOUSwitchingFeeCGST>
    <billerOUSwitchingFeeIGST>0.0000</billerOUSwitchingFeeIGST>
    <billerOUSwitchingFeeSUTGST>-2.1611</billerOUSwitchingFeeSUTGST>
    <penaltyFeeCGST>0.0000</penaltyFeeCGST>
    <penaltyFeeIGST>0.0000</penaltyFeeIGST>
    <penaltyFeeSUTGST>0.0000</penaltyFeeSUTGST>
    <offUsPay>true</offUsPay>
    <remarks>NA</remarks>
    </transactions>
  <transactions>
    <msgId>XS1HNXJD28FLOWO8J1YTJHUI6GI617Z6V9</msgId>
    <refId>XS1HNXJD28FLOWO8J1YTJHUI6GI617Z6V9</refId>
    <origRefId>NA</origRefId>
    <mti>PAYMENT</mti>
    <txnReferenceId>8W130VDRT72PPGLB01A8</txnReferenceId>
    <txnType>PAYMENT</txnType>
    <txnDate>2025-06-11</txnDate>
    <customerOUId>PP22</customerOUId>
    <billerOUId>JK22</billerOUId>
    <responseCode>000</responseCode>
    <txnCurrencyCode>356</txnCurrencyCode>
    <txnAmount>260394</txnAmount>
    <customerConvenienceFee>0.0000</customerConvenienceFee>
    <billerFee>-73.6423</billerFee>
    <billerOUSwitchingFee>-10.2178</billerOUSwitchingFee>
    <penaltyFee>0.0000</penaltyFee>
    <clearingTimestamp>2025-06-11T17:51:34+05:30</clearingTimestamp>
    <paymentChannel>CARD</paymentChannel>
    <paymentMode>Credit Card</paymentMode>
    <billerOUCountMonth>12</billerOUCountMonth>
    <billerId>HDFC00000NATTK</billerId>
    <billerCategory>Loan Repayment</billerCategory>
    <splitPay>false</splitPay>
    <reversal>false</reversal>
    <decline>false</decline>
    <casProcessed>true</casProcessed>
    <settlementCycleId>0052025061100</settlementCycleId>
    <customerConvenienceFeeCGST>0.0000</customerConvenienceFeeCGST>
    <customerConvenienceFeeIGST>0.0000</customerConvenienceFeeIGST>
    <customerConvenienceFeeSUTGST>0.0000</customerConvenienceFeeSUTGST>
    <billerFeeCGST>0.0000</billerFeeCGST>
    <billerFeeIGST>-63.3830</billerFeeIGST>
    <billerFeeSUTGST>0.0000</billerFeeSUTGST>
    <billerOUSwitchingFeeCGST>-3.7843</billerOUSwitchingFeeCGST>
    <billerOUSwitchingFeeIGST>0.0000</billerOUSwitchingFeeIGST>
    <billerOUSwitchingFeeSUTGST>-0.0039</billerOUSwitchingFeeSUTGST>
    <penaltyFeeCGST>0.0000</penaltyFeeCGST>
    <penaltyFeeIGST>0.0000</penaltyFeeIGST>
    <penaltyFeeSUTGST>0.0000</penaltyFeeSUTGST>
    <offUsPay>true</offUsPay>
    <remarks>NA</remarks>
    </transactions>
  <transactions>
    <msgId>B65OMV93PTE3B1DOPUBPV2S5JUA4VNWCCD</msgId>
    <refId>B65OMV93PTE3B1DOPUBPV2S5JUA4VNWCCD</refId>
    <origRefId>NA</origRefId>
    <mti>FORCE PAYMENT</mti>
    <txnReferenceId>0N1YUXVQOWS5QXLD8W77</txnReferenceId>
    <txnType>PAYMENT</txnType>
    <txnDate>2025-06-11</txnDate>
    <customerOUId>PP11</customerOUId>
    <billerOUId>JK33</billerOUId>
    <responseCode>000</responseCode>
    <txnCurrencyCode>356</txnCurrencyCode>
    <txnAmount>288372</txnAmount>
    <customerConvenienceFee>0.0000</customerConvenienceFee>
    <billerFee>-25.7829</billerFee>
    <billerOUSwitchingFee>-8.7203</billerOUSwitchingFee>
    <penaltyFee>0.0000</penaltyFee>
    <clearingTimestamp>2025-06-11T17:51:34+05:30</clearingTimestamp>
    <paymentChannel>CARD</paymentChannel>
    <paymentMode>Credit Card</paymentMode>
    <billerOUCountMonth>12</billerOUCountMonth>
    <billerId>HDFC00000NATTK</billerId>
    <billerCategory>Loan Repayment</billerCategory>
    <splitPay>false</splitPay>
    <reversal>false</reversal>
    <decline>false</decline>
    <casProcessed>true</casProcessed>
    <settlementCycleId>0052025061100</settlementCycleId>
    <customerConvenienceFeeCGST>0.0000</customerConvenienceFeeCGST>
    <customerConvenienceFeeIGST>0.0000</customerConvenienceFeeIGST>
    <customerConvenienceFeeSUTGST>0.0000</customerConvenienceFeeSUTGST>
    <billerFeeCGST>0.0000</billerFeeCGST>
    <billerFeeIGST>-57.9549</billerFeeIGST>
    <billerFeeSUTGST>0.0000</billerFeeSUTGST>
    <billerOUSwitchingFeeCGST>-4.4977</billerOUSwitchingFeeCGST>
    <billerOUSwitchingFeeIGST>0.0000</billerOUSwitchingFeeIGST>
    <billerOUSwitchingFeeSUTGST>-3.9676</billerOUSwitchingFeeSUTGST>
    <penaltyFeeCGST>0.0000</penaltyFeeCGST>
    <penaltyFeeIGST>0.0000</penaltyFeeIGST>
    <penaltyFeeSUTGST>0.0000</penaltyFeeSUTGST>
    <offUsPay>true</offUsPay>
    <remarks>NA</remarks>
    </transactions>
  <transactions>
    <msgId>L0GK0HOSNGTLILC8LB8B9WGMRPOPY0639U</msgId>
    <refId>L0GK0HOSNGTLILC8LB8B9WGMRPOPY0639U</refId>
    <origRefId>NA</origRefId>
    <mti>PAYMENT</mti>
    <txnReferenceId>2QW9YJPK14NYX1OU3PLW</txnReferenceId>
    <txnType>PAYMENT</txnType>
    <txnDate>2025-06-11</txnDate>
    <customerOUId>PP33</customerOUId>
    <billerOUId>HD51</billerOUId>
    <responseCode>000</responseCode>
    <txnCurrencyCode>356</txnCurrencyCode>
    <txnAmount>677213</txnAmount>
    <customerConvenienceFee>0.0000</customerConvenienceFee>
    <billerFee>-134.7919</billerFee>
    <billerOUSwitchingFee>-39.2171</billerOUSwitchingFee>
    <penaltyFee>0.0000</penaltyFee>
    <clearingTimestamp>2025-06-11T17:51:34+05:30</clearingTimestamp>
    <paymentChannel>MOB</paymentChannel>
    <paymentMode>UPI</paymentMode>
    <billerOUCountMonth>12</billerOUCountMonth>
    <billerId>HDFC00000NATTK</billerId>
    <billerCategory>Loan Repayment</billerCategory>
    <splitPay>false</splitPay>
    <reversal>false</reversal>
    <decline>false</decline>
    <casProcessed>true</casProcessed>
    <settlementCycleId>0052025061100</settlementCycleId>
    <customerConvenienceFeeCGST>0.0000</customerConvenienceFeeCGST>
    <customerConvenienceFeeIGST>0.0000</customerConvenienceFeeIGST>
    <customerConvenienceFeeSUTGST>0.0000</customerConvenienceFeeSUTGST>
    <billerFeeCGST>0.0000</billerFeeCGST>
    <billerFeeIGST>-45.7523</billerFeeIGST>
    <billerFeeSUTGST>0.0000</billerFeeSUTGST>
    <billerOUSwitchingFeeCGST>-3.9106</billerOUSwitchingFeeCGST>
    <billerOUSwitchingFeeIGST>0.0000</billerOUSwitchingFeeIGST>
    <billerOUSwitchingFeeSUTGST>-0.6629</billerOUSwitchingFeeSUTGST>
    <penaltyFeeCGST>0.0000</penaltyFeeCGST>
    <penaltyFeeIGST>0.0000</penaltyFeeIGST>
    <penaltyFeeSUTGST>0.0000</penaltyFeeSUTGST>
    <offUsPay>true</offUsPay>
    <remarks>NA</remarks>
    </transactions>
  <transactions>
    <msgId>55ZKEO5O2CEEY1DN5I5YEVAACTG9JQOSJ6</msgId>
    <refId>55ZKEO5O2CEEY1DN5I5YEVAACTG9JQOSJ6</refId>
    <origRefId>NA</origRefId>
    <mti>FORCE PAYMENT</mti>
    <txnReferenceId>BYFXA46UC72XQG7L5A34</txnReferenceId>
    <txnType>PAYMENT</txnType>
    <txnDate>2025-06-11</txnDate>
    <customerOUId>PP11</customerOUId>
    <billerOUId>JK22</billerOUId>
    <responseCode>000</responseCode>
    <txnCurrencyCode>356</txnCurrencyCode>
    <txnAmount>560389</txnAmount>
    <customerConvenienceFee>0.0000</customerConvenienceFee>
    <billerFee>-132.7557</billerFee>
    <billerOUSwitchingFee>-22.2854</billerOUSwitchingFee>
    <penaltyFee>0.0000</penaltyFee>
    <clearingTimestamp>2025-06-11T17:51:34+05:30</clearingTimestamp>
    <paymentChannel>WEB</paymentChannel>
    <paymentMode>Internet Banking</paymentMode>
    <billerOUCountMonth>12</billerOUCountMonth>
    <billerId>HDFC00000NATTK</billerId>
    <billerCategory>Loan Repayment</billerCategory>
    <splitPay>false</splitPay>
    <reversal>false</reversal>
    <decline>false</decline>
    <casProcessed>true</casProcessed>
    <settlementCycleId>0052025061100</settlementCycleId>
    <customerConvenienceFeeCGST>0.0000</customerConvenienceFeeCGST>
    <customerConvenienceFeeIGST>0.0000</customerConvenienceFeeIGST>
    <customerConvenienceFeeSUTGST>0.0000</customerConvenienceFeeSUTGST>
    <billerFeeCGST>0.0000</billerFeeCGST>
    <billerFeeIGST>-52.2897</billerFeeIGST>
    <billerFeeSUTGST>0.0000</billerFeeSUTGST>
    <billerOUSwitchingFeeCGST>-1.8279</billerOUSwitchingFeeCGST>
    <billerOUSwitchingFeeIGST>0.0000</billerOUSwitchingFeeIGST>
    <billerOUSwitchingFeeSUTGST>-2.9013</billerOUSwitchingFeeSUTGST>
    <penaltyFeeCGST>0.0000</penaltyFeeCGST>
    <penaltyFeeIGST>0.0000</penaltyFeeIGST>
    <penaltyFeeSUTGST>0.0000</penaltyFeeSUTGST>
    <offUsPay>true</offUsPay>
    <remarks>NA</remarks>
    </transactions>
  <transactions>
    <msgId>XM3Y9X38BEV23R8Y3OLNXAWB1NNZQL1QL9</msgId>
    <refId>XM3Y9X38BEV23R8Y3OLNXAWB1NNZQL1QL9</refId>
    <origRefId>NA</origRefId>
    <mti>REFUND FULL GOOD FAITH</mti>
    <txnReferenceId>8W130VDRT72PPGLB01A8</txnReferenceId>
    <txnType>PAYMENT</txnType>
    <txnDate>2025-06-11</txnDate>
    <customerOUId>PP11</customerOUId>
    <billerOUId>HD51</billerOUId>
    <responseCode>001</responseCode>
    <txnCurrencyCode>356</txnCurrencyCode>
    <txnAmount>-260394</txnAmount>
    <customerConvenienceFee>0.0000</customerConvenienceFee>
    <billerFee>-1.9921</billerFee>
    <billerOUSwitchingFee>-13.5446</billerOUSwitchingFee>
    <penaltyFee>0.0000</penaltyFee>
    <clearingTimestamp>2025-06-11T17:51:34+05:30</clearingTimestamp>
    <paymentChannel>WEB</paymentChannel>
    <paymentMode>Credit Card</paymentMode>
    <billerOUCountMonth>12</billerOUCountMonth>
    <billerId>HDFC00000NATTK</billerId>
    <billerCategory>Loan Repayment</billerCategory>
    <splitPay>false</splitPay>
    <reversal>false</reversal>
    <decline>false</decline>
    <casProcessed>true</casProcessed>
    <settlementCycleId>0052025061100</settlementCycleId>
    <customerConvenienceFeeCGST>0.0000</customerConvenienceFeeCGST>
    <customerConvenienceFeeIGST>0.0000</customerConvenienceFeeIGST>
    <customerConvenienceFeeSUTGST>0.0000</customerConvenienceFeeSUTGST>
    <billerFeeCGST>0.0000</billerFeeCGST>
    <billerFeeIGST>-32.7271</billerFeeIGST>
    <billerFeeSUTGST>0.0000</billerFeeSUTGST>
    <billerOUSwitchingFeeCGST>-3.5734</billerOUSwitchingFeeCGST>
    <billerOUSwitchingFeeIGST>0.0000</billerOUSwitchingFeeIGST>
    <billerOUSwitchingFeeSUTGST>-1.9645</billerOUSwitchingFeeSUTGST>
    <penaltyFeeCGST>0.0000</penaltyFeeCGST>
    <penaltyFeeIGST>0.0000</penaltyFeeIGST>
    <penaltyFeeSUTGST>0.0000</penaltyFeeSUTGST>
    <offUsPay>true</offUsPay>
    <remarks>NA</remarks>
    </transactions>
  <transactions>
    <msgId>OF159RJEVC8OTWBX2YRVPZ0BCLHST7UBXQ</msgId>
    <refId>OF159RJEVC8OTWBX2YRVPZ0BCLHST7UBXQ</refId>
    <origRefId>NA</origRefId>
    <mti>REFUND PRE-ARBITRATION</mti>
    <txnReferenceId>2QW9YJPK14NYX1OU3PLW</txnReferenceId>
    <txnType>PAYMENT</txnType>
    <txnDate>2025-06-11</txnDate>
    <customerOUId>PP33</customerOUId>
    <billerOUId>JK22</billerOUId>
    <responseCode>001</responseCode>
    <txnCurrencyCode>356</txnCurrencyCode>
    <txnAmount>-677213</txnAmount>
    <customerConvenienceFee>0.0000</customerConvenienceFee>
    <billerFee>-85.7395</billerFee>
    <billerOUSwitchingFee>-15.7193</billerOUSwitchingFee>
    <penaltyFee>0.0000</penaltyFee>
    <clearingTimestamp>2025-06-11T17:51:34+05:30</clearingTimestamp>
    <paymentChannel>CARD</paymentChannel>
    <paymentMode>UPI</paymentMode>
    <billerOUCountMonth>12</billerOUCountMonth>
    <billerId>HDFC00000NATTK</billerId>
    <billerCategory>Loan Repayment</billerCategory>
    <splitPay>false</splitPay>
    <reversal>false</reversal>
    <decline>false</decline>
    <casProcessed>true</casProcessed>
    <settlementCycleId>0052025061100</settlementCycleId>
    <customerConvenienceFeeCGST>0.0000</customerConvenienceFeeCGST>
    <customerConvenienceFeeIGST>0.0000</customerConvenienceFeeIGST>
    <customerConvenienceFeeSUTGST>0.0000</customerConvenienceFeeSUTGST>
    <billerFeeCGST>0.0000</billerFeeCGST>
    <billerFeeIGST>-0.9549</billerFeeIGST>
    <billerFeeSUTGST>0.0000</billerFeeSUTGST>
    <billerOUSwitchingFeeCGST>-0.8768</billerOUSwitchingFeeCGST>
    <billerOUSwitchingFeeIGST>0.0000</billerOUSwitchingFeeIGST>
    <billerOUSwitchingFeeSUTGST>-1.0094</billerOUSwitchingFeeSUTGST>
    <penaltyFeeCGST>0.0000</penaltyFeeCGST>
    <penaltyFeeIGST>0.0000</penaltyFeeIGST>
    <penaltyFeeSUTGST>0.0000</penaltyFeeSUTGST>
    <offUsPay>true</offUsPay>
    <remarks>NA</remarks>
    </transactions>
  <transactions>
    <msgId>BZA5RIM7BXZXGT1WFE20LOMCZ9GF2OU8AX</msgId>
    <refId>BZA5RIM7BXZXGT1WFE20LOMCZ9GF2OU8AX</refId>
    <origRefId>NA</origRefId>
    <mti>FORCE PAYMENT PRE-ARBITRATION</mti>
    <txnReferenceId>VTFJEHT7Q12SSNZI8WXB</txnReferenceId>
    <txnType>PAYMENT</txnType>
    <txnDate>2025-06-11</txnDate>
    <customerOUId>PP22</customerOUId>
    <billerOUId>JK33</billerOUId>
    <responseCode>001</responseCode>
    <txnCurrencyCode>356</txnCurrencyCode>
    <txnAmount>0</txnAmount>
    <customerConvenienceFee>0.0000</customerConvenienceFee>
    <billerFee>-130.4234</billerFee>
    <billerOUSwitchingFee>-45.1959</billerOUSwitchingFee>
    <penaltyFee>0.0000</penaltyFee>
    <clearingTimestamp>2025-06-11T17:51:34+05:30</clearingTimestamp>
    <paymentChannel>CARD</paymentChannel>
    <paymentMode>UPI</paymentMode>
    <billerOUCountMonth>12</billerOUCountMonth>
    <billerId>HDFC00000NATTK</billerId>
    <billerCategory>Loan Repayment</billerCategory>
    <splitPay>false</splitPay>
    <reversal>false</reversal>
    <decline>false</decline>
    <casProcessed>true</casProcessed>
    <settlementCycleId>0052025061100</settlementCycleId>
    <customerConvenienceFeeCGST>0.0000</customerConvenienceFeeCGST>
    <customerConvenienceFeeIGST>0.0000</customerConvenienceFeeIGST>
    <customerConvenienceFeeSUTGST>0.0000</customerConvenienceFeeSUTGST>
    <billerFeeCGST>0.0000</billerFeeCGST>
    <billerFeeIGST>-31.0401</billerFeeIGST>
    <billerFeeSUTGST>0.0000</billerFeeSUTGST>
    <billerOUSwitchingFeeCGST>-0.9849</billerOUSwitchingFeeCGST>
    <billerOUSwitchingFeeIGST>0.0000</billerOUSwitchingFeeIGST>
    <billerOUSwitchingFeeSUTGST>-4.1544</billerOUSwitchingFeeSUTGST>
    <penaltyFeeCGST>0.0000</penaltyFeeCGST>
    <penaltyFeeIGST>0.0000</penaltyFeeIGST>
    <penaltyFeeSUTGST>0.0000</penaltyFeeSUTGST>
    <offUsPay>true</offUsPay>
    <remarks>NA</remarks>
    </transactions>
  <Signature xmlns="http://www.w3.org/2000/09/xmldsig#">
    <SignedInfo>
      <CanonicalizationMethod Algorithm="http://www.w3.org/TR/2001/REC-xml-c14n-20010315" />
      <SignatureMethod Algorithm="http://www.w3.org/2001/04/xmldsig-more#rsa-sha256" />
      <Reference URI="">
        <Transforms>
          <Transform Algorithm="http://www.w3.org/2000/09/xmldsig#enveloped-signature" />
          </Transforms>
        <DigestMethod Algorithm="http://www.w3.org/2001/04/xmlenc#sha256" />
        <DigestValue>x1eQX0UhXo3I2297x2LUIrC5ufElD4eWviOa4W+ahdA=</DigestValue>
        </Reference>
      </SignedInfo>
    <SignatureValue>SEP/Z813RbxhHg3MGGQAm/BxGw9gBrgXY12I2zk+Pns5MgMtzIwzzM6LAF+BJCj18GWhP5azyz2q</SignatureValue>
    </Signature>
  </RAWFile>
