<?xml version="1.0" encoding="UTF-8"?>
<RAWFile ouId="HD51">
  <transactions>
    <msgId>AB1120250403153437782607U4YQLIMJ8Z</msgId>
    <refId>AB1120250403153437782607U4YQLIMJ8Z</refId>
    <origRefId>NA</origRefId>
    <mti>PAYMENT</mti>
    <txnReferenceId>AB112025043Q2CMUMVVLP</txnReferenceId>
    <txnType>PAYMENT</txnType>
    <txnDate>2025-04-03</txnDate>
    <customerOUId>PP11</customerOUId>
    <billerOUId>JK11</billerOUId>
    <responseCode>001</responseCode>
    <txnCurrencyCode>356</txnCurrencyCode>
    <txnAmount>824023</txnAmount>
    <customerConvenienceFee>0.0000</customerConvenienceFee>
    <billerFee>-500.0000</billerFee>
    <billerOUSwitchingFee>-50.0000</billerOUSwitchingFee>
    <penaltyFee>0.0000</penaltyFee>
    <clearingTimestamp>2025-04-03T20:56:32+05:30</clearingTimestamp>
    <paymentChannel>MOB</paymentChannel>
    <paymentMode>Internet Banking</paymentMode>
    <billerOUCountMonth>1</billerOUCountMonth>
    <billerId>HDFC00000NATTK</billerId>
    <billerCategory>Loan Repayment</billerCategory>
    <splitPay>false</splitPay>
    <reversal>false</reversal>
    <decline>false</decline>
    <casProcessed>true</casProcessed>
    <settlementCycleId>0012025040300</settlementCycleId>
    <customerConvenienceFeeCGST>0.0000</customerConvenienceFeeCGST>
    <customerConvenienceFeeIGST>0.0000</customerConvenienceFeeIGST>
    <customerConvenienceFeeSUTGST>0.0000</customerConvenienceFeeSUTGST>
    <billerFeeCGST>0.0000</billerFeeCGST>
    <billerFeeIGST>-90.0000</billerFeeIGST>
    <billerFeeSUTGST>0.0000</billerFeeSUTGST>
    <billerOUSwitchingFeeCGST>-4.5000</billerOUSwitchingFeeCGST>
    <billerOUSwitchingFeeIGST>0.0000</billerOUSwitchingFeeIGST>
    <billerOUSwitchingFeeSUTGST>-4.5000</billerOUSwitchingFeeSUTGST>
    <penaltyFeeCGST>0.0000</penaltyFeeCGST>
    <penaltyFeeIGST>0.0000</penaltyFeeIGST>
    <penaltyFeeSUTGST>0.0000</penaltyFeeSUTGST>
    <offUsPay>true</offUsPay>
    <remarks>NA</remarks>
  </transactions>
  <Signature xmlns="http://www.w3.org/2000/09/xmldsig#">
  <SignedInfo>
    <CanonicalizationMethod Algorithm="http://www.w3.org/TR/2001/REC-xml-c14n-20010315"/>
    <SignatureMethod Algorithm="http://www.w3.org/2001/04/xmldsig-more#rsa-sha256"/>
    <Reference URI="">
      <Transforms>
        <Transform Algorithm="http://www.w3.org/2000/09/xmldsig#enveloped-signature"/>
      </Transforms>
      <DigestMethod Algorithm="http://www.w3.org/2001/04/xmlenc#sha256"/>
      <DigestValue>x1eQX0UhXo3I2297x2LUIrC5ufElD4eWviOa4W+ahdA=</DigestValue>
    </Reference>
  </SignedInfo>
  <SignatureValue>SEP/Z813RbxhHg3MGGQAm/BxGw9gBrgXY12I2zk+Pns5MgMtzIwzzM6LAF+BJCj18GWhP5azyz2q</SignatureValue>
</Signature>
</RAWFile>